{
  "best_model": "Gradient Boosting",
  "r2": 0.7216148122428394,
  "rmse": 12135.905300813054,
  "mae": 8695.53206409673,
  "average_daily_demand": 22168.634328877004,
  "yoy_growth": 58.80029253371749,
  "weekend_uplift": -73.58012484250699,
  "holiday_lift": 134.47723571118513
}