Model,MAE,RMSE,R2 Score
Linear Regression,92553.96918889003,120696.31293719735,-26.53529747212932
Random Forest,10277.351921176512,14282.079152193446,0.6144465113052548
Gradient Boosting,8880.082834963012,12237.748915059397,0.7169228315670326
ARIMA,24805.481407258067,27445.099098665145,-0.42374224811850536
SARIMA,24805.481407258067,27445.099098665145,-0.42374224811850536
Ensemble Stack,9407.015085138866,13155.972311009285,0.6728494404274907
